https://www.flywheel.jp/topics/data_stack/,"[(0, '0.039*""データ"" + 0.017*""テスト"" + 0.008*""dbt"" + 0.008*""開発"" + 0.007*""顧客"" + 0.007*""クラウド"" + 0.007*""管理"" + 0.006*""等"" + 0.006*""スタック"" + 0.006*""ツール""')]"
https://www.flywheel.jp/topics/rotating-flywheel/,"[(0, '0.018*""画像"" + 0.016*""回転"" + 0.012*""時"" + 0.009*""ウィール"" + 0.009*""関数"" + 0.009*""フライ"" + 0.009*""コマ"" + 0.009*""指定"" + 0.009*""秒"" + 0.009*""フライウィール""')]"
https://www.flywheel.jp/topics/hiring-rubric/,"[(0, '0.023*""面接"" + 0.019*""採用"" + 0.018*""エンジニア"" + 0.017*""ルーブリック"" + 0.015*""技術"" + 0.013*""評価"" + 0.012*""ソフトウェア"" + 0.012*""問題"" + 0.010*""知識"" + 0.009*""プロセス""')]"
https://www.flywheel.jp/topics/flywheel-standard/,"[(0, '0.025*""リポジトリ"" + 0.017*""スタンダード"" + 0.013*""開発"" + 0.013*""準拠"" + 0.012*""flywheelstandard"" + 0.012*""定め"" + 0.011*""binsetup"" + 0.011*""人"" + 0.011*""環境"" + 0.008*""エンジニア""')]"
https://www.flywheel.jp/topics/pyspark-knn/,"[(0, '0.025*""k"" + 0.023*""モデル"" + 0.022*""近傍"" + 0.022*""探索"" + 0.022*""ノード"" + 0.020*""データ"" + 0.018*""分散"" + 0.018*""法"" + 0.015*""作成"" + 0.015*""マスター""')]"
https://www.flywheel.jp/topics/aws-cloudwatch-logs-insights/,"[(0, '0.033*""ログ"" + 0.028*""insights"" + 0.028*""ダッシュボード"" + 0.022*""クエリ"" + 0.019*""表示"" + 0.017*""見"" + 0.017*""エラー"" + 0.011*""warn"" + 0.011*""使っ"" + 0.011*""追加""')]"
https://www.flywheel.jp/topics/web-scraping-without-coding/,"[(0, '0.022*""クリック"" + 0.021*""ページ"" + 0.018*""選択"" + 0.017*""スクレイピング"" + 0.012*""目"" + 0.011*""項目"" + 0.010*""取得"" + 0.010*""リンク"" + 0.008*""右"" + 0.008*""次""')]"
https://www.flywheel.jp/topics/what_is_dbt/,"[(0, '0.028*""データ"" + 0.027*""dbt"" + 0.022*"" "" + 0.018*""sql"" + 0.016*""モデル"" + 0.012*""ウェアハウス"" + 0.011*""実行"" + 0.010*""“"" + 0.009*""テーブル"" + 0.009*""変換""')]"
https://www.flywheel.jp/topics/spring-webflux-intro/,"[(0, '0.027*""処理"" + 0.020*""mono"" + 0.018*""例"" + 0.018*""使っ"" + 0.016*""flux"" + 0.016*""springwebflux"" + 0.016*""メソッド"" + 0.014*""出力"" + 0.013*""上"" + 0.013*""値""')]"
https://www.flywheel.jp/topics/advent-calendar-calendar/,"[(0, '0.057*""カレンダー"" + 0.036*""予定"" + 0.036*""スプレッドシート"" + 0.021*""アドベント"" + 0.021*""作成"" + 0.013*""スクリプト"" + 0.013*""google"" + 0.013*""管理"" + 0.010*""設定"" + 0.010*""今回""')]"
https://www.flywheel.jp/topics/bazel_version_1_1_0/,"[(0, '0.034*"" "" + 0.028*""bazel"" + 0.012*""インストール"" + 0.011*""追加"" + 0.011*""パッケージ"" + 0.011*""ビルド"" + 0.011*""テスト"" + 0.010*""buildbazel"" + 0.009*""ターゲット"" + 0.009*""ファイル""')]"
https://www.flywheel.jp/topics/advent-calendar-summary/,"[(0, '0.014*""adventcalendar"" + 0.011*""フライウィール"" + 0.011*""記事"" + 0.009*""フライ"" + 0.009*""投稿"" + 0.009*""ウィール"" + 0.008*""企業"" + 0.008*""紹介"" + 0.008*""開発"" + 0.008*""カレンダー""')]"
https://www.flywheel.jp/topics/wfh/,"[(0, '0.028*""wfh"" + 0.014*""pr"" + 0.012*""意見"" + 0.011*""時"" + 0.011*""日"" + 0.011*""同僚"" + 0.009*""アンケート"" + 0.009*""slack"" + 0.009*""ミーティング"" + 0.009*""修正""')]"
https://www.flywheel.jp/topics/learn_online_advertising_through_coding_quiz/,"[(0, '0.045*""広告"" + 0.031*""入札"" + 0.019*""表示"" + 0.018*""dsp"" + 0.015*""価格"" + 0.015*""枠"" + 0.014*""≤"" + 0.012*""リクエスト"" + 0.012*""ユーザー"" + 0.011*""ssp""')]"
https://www.flywheel.jp/topics/product-manager-in-b2b-startup/,"[(0, '0.056*""プロダクト"" + 0.036*""マネージャー"" + 0.011*""企業"" + 0.011*""職務"" + 0.010*""btob"" + 0.008*""思っ"" + 0.008*""思い"" + 0.008*""スタートアップ"" + 0.007*""ビジネス"" + 0.007*""状況""')]"
https://www.flywheel.jp/topics/go-links/,"[(0, '0.022*""golinks"" + 0.018*""url"" + 0.012*""ドキュメント"" + 0.010*""リンク"" + 0.010*""google"" + 0.009*""プロダクト"" + 0.009*""作成"" + 0.009*""フライウィール"" + 0.009*""開発"" + 0.009*""非常""')]"
https://www.flywheel.jp/topics/sessionization/,"[(0, '0.036*""ユーザー"" + 0.030*""ログ"" + 0.015*""商品"" + 0.014*""–"" + 0.013*""セッション"" + 0.010*""必要"" + 0.010*""各"" + 0.010*""行動"" + 0.009*""アプリケーション"" + 0.008*""検索""')]"
https://www.flywheel.jp/topics/notify-slack-via-github-actions/,"[(0, '0.090*"" "" + 0.020*""slack"" + 0.016*""リポジトリ"" + 0.014*""ワークフロー"" + 0.011*""登録"" + 0.010*""action"" + 0.009*""思い"" + 0.009*""bot"" + 0.009*""指定"" + 0.009*""github""')]"
https://www.flywheel.jp/topics/event_time_and_processing_time_01/,"[(0, '0.032*""processingtime"" + 0.029*""アプリ"" + 0.029*""eventtime"" + 0.025*""内"" + 0.023*""ログ"" + 0.023*""データ"" + 0.023*""イベント"" + 0.022*""送信"" + 0.022*""ログサーバ"" + 0.018*""後""')]"
https://www.flywheel.jp/topics/internal-service-with-cloud-iap/,"[(0, '0.112*"" "" + 0.018*""cloudiap"" + 0.017*""サービス"" + 0.014*""社内"" + 0.013*""アクセス"" + 0.013*""gae"" + 0.012*""ドキュメント"" + 0.012*""向け"" + 0.011*""環境"" + 0.010*""使っ""')]"
https://www.flywheel.jp/topics/ab-testing-at-linkedin/,"[(0, '0.054*""テスト"" + 0.048*""ab"" + 0.024*""指標"" + 0.012*""開発"" + 0.012*""文化"" + 0.010*""解析"" + 0.010*""xlnt"" + 0.010*""影響"" + 0.010*""プラットフォーム"" + 0.010*""論文""')]"
https://www.flywheel.jp/topics/fw-slack-investigation-part1/,"[(0, '0.029*""絵文字"" + 0.018*"" "" + 0.014*""取得"" + 0.013*""情報"" + 0.011*""思い"" + 0.011*""下記"" + 0.011*""slack"" + 0.011*""投稿"" + 0.009*""チャンネル"" + 0.009*""ファイル""')]"
https://www.flywheel.jp/topics/spotlight-on-search-at-google-japan/,"[(0, '0.032*""チーム"" + 0.027*""サーチ"" + 0.027*""東京"" + 0.024*""google"" + 0.022*""オフィス"" + 0.020*""紹介"" + 0.017*""イベント"" + 0.015*""参加"" + 0.015*""グループ"" + 0.012*""質問""')]"
https://www.flywheel.jp/topics/migration-to-auth0-part1/,"[(0, '0.024*""認証"" + 0.014*""移行"" + 0.014*""実装"" + 0.012*""ユーザー"" + 0.011*""サービス"" + 0.010*""管理"" + 0.008*""検討"" + 0.008*""導入"" + 0.007*""api"" + 0.007*""エンジニア""')]"
https://www.flywheel.jp/topics/fw-slack-investigation-3/,"[(0, '0.043*"" "" + 0.036*""絵文字"" + 0.018*""ユーザー"" + 0.011*""頻度"" + 0.009*""使う"" + 0.009*""回数"" + 0.009*""コード"" + 0.008*""対象"" + 0.007*""分析"" + 0.007*""乗""')]"
https://www.flywheel.jp/topics/learn-from-failure/,"[(0, '0.027*""インターン"" + 0.016*""失敗"" + 0.013*""コード"" + 0.009*""git"" + 0.009*""開発"" + 0.009*""エンジニア"" + 0.008*""思い"" + 0.008*""一"" + 0.008*""使う"" + 0.007*""経験""')]"
https://www.flywheel.jp/topics/data-wrangling/,"[(0, '0.040*""データ"" + 0.021*""ログ"" + 0.017*""分析"" + 0.010*"" "" + 0.010*""–"" + 0.009*""必要"" + 0.008*""各"" + 0.008*""解析"" + 0.007*""情報"" + 0.006*""↩""')]"
https://www.flywheel.jp/topics/colab-neural-collaboratife-filtering/,"[(0, '0.022*""学習"" + 0.016*""ジャンル"" + 0.013*""使用"" + 0.012*""今回"" + 0.012*""データ"" + 0.012*""ニューラル"" + 0.012*""フィルタリング"" + 0.012*""協調"" + 0.012*""映画"" + 0.011*""googlecolaboratory""')]"
https://www.flywheel.jp/topics/errorprone-custom-plugin/,"[(0, '0.016*""コード"" + 0.013*""errorprone"" + 0.012*""設定"" + 0.011*""使っ"" + 0.009*""ビルド"" + 0.009*""コードレビュー"" + 0.008*""必要"" + 0.008*""bugpattern"" + 0.008*""java"" + 0.008*""実装""')]"
https://www.flywheel.jp/topics/airflow-dependency-between-dags/,"[(0, '0.040*""dag"" + 0.031*""タスク"" + 0.027*"" "" + 0.025*""関係"" + 0.025*""依存"" + 0.020*""externaltasksensor"" + 0.019*""設定"" + 0.017*""値"" + 0.012*""使用"" + 0.011*""場合""')]"
https://www.flywheel.jp/topics/ec-recommender-system/,"[(0, '0.048*""商品"" + 0.021*""ユーザー"" + 0.018*""レコメンド"" + 0.017*""候補"" + 0.015*""手法"" + 0.015*""フィルタリング"" + 0.013*""システム"" + 0.012*""協調"" + 0.011*"" "" + 0.010*""ベース""')]"
https://www.flywheel.jp/topics/event_time_and_processing_time_02/,"[(0, '0.071*""データ"" + 0.044*""processingtime"" + 0.041*""保存"" + 0.034*""eventtime"" + 0.027*""基づく"" + 0.024*""基づき"" + 0.024*""内"" + 0.022*""アプリ"" + 0.022*""クリック"" + 0.022*""分析""')]"
https://www.flywheel.jp/topics/hyperloglog-sketch-in-practice/,"[(0, '0.026*""計算"" + 0.021*""sketch"" + 0.020*""数"" + 0.019*""異なり数"" + 0.017*""集合"" + 0.016*""集計"" + 0.010*""リソース"" + 0.010*""hyperloglog"" + 0.008*""思い"" + 0.008*""テーブル""')]"
https://www.flywheel.jp/topics/ideas-mining-with-brainwriting/,"[(0, '0.030*""アイデア"" + 0.021*""ブログ"" + 0.014*""人"" + 0.012*""brainwriting"" + 0.010*""個"" + 0.009*""考える"" + 0.008*""出し"" + 0.008*""考え"" + 0.007*""分"" + 0.007*""エンジニア""')]"
https://www.flywheel.jp/topics/kubernetes-fluentd-cloudwatch-logs/,"[(0, '0.028*""ログ"" + 0.025*""コンテナ"" + 0.018*""ロググループ"" + 0.015*""設定"" + 0.009*""使う"" + 0.009*""管理"" + 0.009*""fluentd"" + 0.009*""以下"" + 0.008*""名"" + 0.008*""fluentconf""')]"
https://www.flywheel.jp/topics/fw-slack-investigation-2/,"[(0, '0.014*""ファイル"" + 0.014*""フォルダ"" + 0.014*""投稿"" + 0.014*""絵文字"" + 0.012*""誰"" + 0.012*""名"" + 0.011*""slack"" + 0.010*""取得"" + 0.010*""json"" + 0.010*""チャンネル""')]"
https://www.flywheel.jp/topics/design-doc-of-design-doc/,"[(0, '0.044*""デザイン"" + 0.037*""ドック"" + 0.018*""システム"" + 0.014*""議論"" + 0.013*""必要"" + 0.012*""書く"" + 0.012*""フィードバック"" + 0.009*""点"" + 0.008*""チーム"" + 0.008*""実装""')]"
https://www.flywheel.jp/topics/ramanujan-formulas-in-julia/,"[(0, '0.027*""ラマヌジャン"" + 0.026*""数式"" + 0.017*""julia"" + 0.012*""数学者"" + 0.012*""言語"" + 0.010*""公式"" + 0.010*""数値"" + 0.010*""発見"" + 0.009*""好き"" + 0.009*""計算""')]"
https://www.flywheel.jp/topics/714/,"[(0, '0.017*""スタートアップ"" + 0.013*""大企業"" + 0.012*""必要"" + 0.010*""開発"" + 0.009*""環境"" + 0.008*""様々"" + 0.008*""思い"" + 0.008*""感じ"" + 0.008*""規模"" + 0.008*""会社""')]"
https://www.flywheel.jp/topics/tokenize_on_pyspark/,"[(0, '0.020*""解析"" + 0.018*""python"" + 0.018*""日本語"" + 0.018*""形態素"" + 0.016*""spark"" + 0.016*""mecab"" + 0.016*""イメージ"" + 0.013*""用意"" + 0.013*""名詞"" + 0.013*""簡単""')]"
https://www.flywheel.jp/topics/migration-to-auth0-part-2/,"[(0, '0.025*""auth"" + 0.019*""移行"" + 0.018*""api"" + 0.016*""ユーザー"" + 0.014*""実装"" + 0.013*""認証"" + 0.012*""サーバー"" + 0.010*""バージョン"" + 0.010*""機能"" + 0.009*""管理""')]"
https://www.flywheel.jp/topics/introduction/,"[(0, '0.042*""データ"" + 0.021*""flywheel"" + 0.017*""エンジニアリング"" + 0.017*""社会"" + 0.017*""プロジェクト"" + 0.013*""知見"" + 0.013*""期待"" + 0.013*""テック"" + 0.012*""思い"" + 0.012*""エネルギー""')]"
https://www.flywheel.jp/topics/non-engineer_slackbot_devlopment/,"[(0, '0.019*""広告"" + 0.014*""運用"" + 0.010*""君"" + 0.010*""tomson"" + 0.009*""グループ"" + 0.008*""プロジェクト"" + 0.008*""コマンド"" + 0.008*""必要"" + 0.007*""判断"" + 0.007*""通知""')]"
https://www.flywheel.jp/topics/postmortem-culture/,"[(0, '0.040*""postmortem"" + 0.017*""会"" + 0.016*""sre"" + 0.016*""読書"" + 0.014*""年"" + 0.014*""一"" + 0.012*""エンジニア"" + 0.012*""本"" + 0.010*""書く"" + 0.010*""書か""')]"
https://www.flywheel.jp/topics/analyze-machine-learning-trend-with-arxiv-api/,"[(0, '0.033*""論文"" + 0.026*""機械学習"" + 0.024*""年"" + 0.015*""データ"" + 0.013*""arxiv"" + 0.013*""投稿"" + 0.013*""deeplearning"" + 0.013*""トレンド"" + 0.011*""概要"" + 0.011*""分析""')]"
https://www.flywheel.jp/topics/cookie-and-privacy/,"[(0, '0.024*""クッキー"" + 0.016*""対応"" + 0.014*""広告"" + 0.012*""ユーザー"" + 0.012*""“"" + 0.012*""ブラウザ"" + 0.012*""プライバシー"" + 0.010*""サイト"" + 0.010*""samesitenone"" + 0.010*""トラッキング""')]"
https://www.flywheel.jp/topics/communication-engineer-business/,"[(0, '0.024*""技術"" + 0.018*""理解"" + 0.013*""メンバー"" + 0.012*""フライウィール"" + 0.011*""ir"" + 0.011*""思い"" + 0.008*""データ"" + 0.007*""事業"" + 0.007*""コミュニケーション"" + 0.007*""検索""')]"
https://www.flywheel.jp/topics/flywheel-car/,"[(0, '0.014*""工作"" + 0.013*""車"" + 0.013*""カム"" + 0.013*""写真"" + 0.013*""フライウィール"" + 0.011*""軌道"" + 0.011*""弊社"" + 0.009*""周り"" + 0.009*""ウィール"" + 0.009*""フライ""')]"
https://www.flywheel.jp/topics/customvision/,"[(0, '0.032*""画像"" + 0.025*""牡馬"" + 0.025*""牝馬"" + 0.014*""customvision"" + 0.014*""判別"" + 0.012*""馬"" + 0.012*""結果"" + 0.012*""タグ"" + 0.012*""枚"" + 0.012*""学習""')]"
https://www.flywheel.jp/topics/fail-fast-as-a-pm/,"[(0, '0.019*""failfast"" + 0.014*""失敗"" + 0.013*""pm"" + 0.013*""プロダクト"" + 0.010*""成功"" + 0.009*""思い"" + 0.007*""関し"" + 0.007*""ab"" + 0.007*""実行"" + 0.007*""テスト""')]"
https://www.flywheel.jp/topics/what-is-flywheel/,"[(0, '0.026*""回転"" + 0.017*""フライ"" + 0.017*""ウィール"" + 0.015*""フライウィール"" + 0.011*"" "" + 0.011*""運動"" + 0.010*""フライホイール"" + 0.010*""flywheel"" + 0.008*""力"" + 0.008*""金属""')]"
https://www.flywheel.jp/topics/hiring_ats/,"[(0, '0.016*""採用"" + 0.015*""候補者"" + 0.013*""人"" + 0.010*""企業"" + 0.010*""ats"" + 0.010*""agency"" + 0.009*""ツール"" + 0.008*""ウィール"" + 0.008*""側"" + 0.008*""フライ""')]"
https://www.flywheel.jp/topics/try-intern/,"[(0, '0.014*"" "" + 0.012*""実装"" + 0.011*""インターン"" + 0.010*""広告"" + 0.009*""配信"" + 0.009*""dsp"" + 0.009*""モデル"" + 0.008*""入札"" + 0.008*""為"" + 0.008*""クライアント""')]"
https://www.flywheel.jp/topics/event_time_and_processing_time_03/,"[(0, '0.080*""データ"" + 0.046*""eventtime"" + 0.034*""processingtime"" + 0.028*""保存"" + 0.028*""内"" + 0.022*""基づき"" + 0.020*""システム"" + 0.020*""場合"" + 0.018*""日"" + 0.018*""基づく""')]"
